images,labels,scores,dscores,x,y,count_1,count_2,count_3,count_4,count_5,count_6,species
tmp_20251110_014215.jpg,6,0.9520090818405151,0.16118085384368896,2258.0,542.0,0,0,0,0,0,4,waterbuck
tmp_20251110_014215.jpg,6,0.9683401584625244,0.26410725712776184,2246.0,556.0,0,0,0,0,0,4,waterbuck
tmp_20251110_014215.jpg,6,0.995988667011261,0.2329552173614502,1972.0,1269.0,0,0,0,0,0,4,waterbuck
tmp_20251110_014215.jpg,6,0.9778898358345032,0.19958551228046417,1420.0,1875.0,0,0,0,0,0,4,waterbuck
